{"gudok1_edit.mp4": [[3.4971854111054084, 161], [14.884911977214378, 198], [5.207332939659608, 278], [8.760197572624921, 433]], "gudok2_edit.mp4": [[12.005855775467463, 114], [8.00107218514677, 195]], "gudok2_darked.mp4": [[3.446998542029231, 72], [11.505661578432786, 114], [7.539377921824493, 195]], "lenin_moved1_edit3.mp4": [[8.173130775086538, 1], [7.503603578725803, 2], [7.830202211096894, 28], [7.356634194158811, 29], [6.4421580235197595, 30], [3.519100263798499, 223], [10.85123956052948, 224], [3.1108519733346354, 225], [5.870610416870351, 341], [3.519100263798499, 342]], "lenin_moved2_edit2.mp4": [[6.741998624632421, 1], [4.6519790509963705, 28], [5.393598899705937, 29], [3.910359202286805, 30], [7.079098555864041, 122], [3.236159339823562, 238], [14.764976987945001, 239], [3.8429392160404805, 240]], "lenin_moved3_edit1.mp4": [[7.913599844571369, 3], [5.526080211144244, 4], [8.214016222287366, 29], [7.913599844571369, 30], [7.897788456270529, 31], [3.881695827856685, 258], [13.194603537052563, 259], [3.328297237327219, 260]], "lenin_moved4_edit3.mp4": [[6.2203419396488036, 3], [5.314888377147583, 4], [7.051374661396502, 29], [6.2203419396488036, 30], [6.121114151977438, 31], [5.6869925809152075, 163], [3.181490942213196, 274], [12.881007187089297, 275], [3.181490942213196, 276]], "lenin_moved4_darked.mp4": [[5.9940714758119835, 3], [5.121554590997878, 4], [6.914397504999469, 29], [5.9940714758119835, 30], [5.8984531870652335, 31], [5.8984531870652335, 163], [12.950301982138154, 275], [3.304807104809598, 276]], "lenin_shaked_moved1_edit3.mp4": [[4.82456397260656, 59], [4.120745228367486, 65], [3.008257535860561, 79], [8.729622811610458, 127], [15.51806811894863, 244], [4.665637159391284, 637], [3.0309613663198864, 721], [3.848299262855586, 751], [4.302375872042086, 758]], "lenin_static1_edit4.mp4": [[6.385454351777307, 127], [7.908777396332589, 306], [24.671911115574847, 377], [18.79247638421353, 693]], "lenin_static2_edit3.mp4": [[9.579357326352248, 177], [7.630288303331981, 253], [18.191707033762935, 375]], "lenin_static3_edit4.mp4": [[25.189512272934145, 157], [3.573346224198327, 285], [6.825644178871099, 443], [3.982206538500047, 604]], "lenin_static3_darked.mp4": [[24.75602271475732, 157], [3.939261751277985, 211], [3.665295380892486, 285], [6.894352002786524, 443], [3.9814104236449848, 604]], "lenin_static_moved1_edit5.mp4": [[11.328611664127202, 168], [16.998015881278167, 326], [28.058112597470764, 575], [5.033805542926009, 738]], "perek_zhd_static1_edit1.mp4": [[15.712280467902408, 113]], "perek_zhd_static2_edit2.mp4": [[19.208377466044574, 112], [10.08175599300236, 233]], "perek_zhd_static3_edit3.mp4": [[9.138507577698494, 84], [16.61915557533911, 183], [9.78339102577096, 289]], "skver_static_edit5.mp4": [[12.715067169506904, 203], [3.3337891797527393, 321], [20.70173893163264, 467], [16.888681416580276, 625], [10.96670716706541, 846]], "Walkers_meld.mp4": [], "Walkers_meld2.mp4": [[5.9172181035914235, 149], [4.323896035183653, 229]], "Walkers_meld2_darked.mp4": [[5.404335789321478, 36], [9.748449714681362, 79], [6.465274503765806, 97], [4.020814357647456, 202]], "zhd_moved1_edit2.mp4": [[8.770580193070293, 3], [7.19187575831764, 4], [8.68287439113959, 29], [8.770580193070293, 30], [8.244345381486074, 31], [3.33282047336671, 127], [4.560701700396552, 246]], "zhd_moved2_edit1.mp4": [[4.95840257518094, 3], [4.3756421131576815, 4], [4.671960992152558, 29], [4.95840257518094, 30], [5.165825790477352, 31], [8.869811777913313, 94], [3.279262260876637, 95]], "zhd_moved3_edit3.mp4": [[21.035432722239563, 210]], "zhd_moved4_edit3.mp4": [[4.791149510959101, 3], [3.6946675333266707, 4], [5.0771882877327785, 29], [4.791149510959101, 30], [4.505110734185424, 31], [4.076052569024908, 145], [16.185027452443933, 253], [4.695803252034541, 254], [9.510789327724783, 395], [3.0749168503170345, 396]]}